{"cameraMode":{"drawMode":0,"name":"Shaded","section":"Shading Mode"},"sceneLighting":true,"audioPlay":false,"sceneViewState":{"showFog":true,"showMaterialUpdate":false,"showSkybox":true,"showFlares":true,"showImageEffects":true,"showParticleSystems":true},"in2DMode":false,"pivot":{"x":719.6129150390625,"y":47.36212921142578,"z":636.1925659179688},"rotation":{"x":0.044654227793216708,"y":-0.923477292060852,"z":-0.12141967564821243,"w":-0.3633172810077667},"size":10.0,"orthographic":false}